{
  "formatVersion": 1,
  "database": {
    "version": 1,
    "identityHash": "1bd4af3524e969deb60374cb5afebd7f",
    "entities": [
      {
        "tableName": "UserDetails",
        "createSql": "CREATE TABLE IF NOT EXISTS `${TABLE_NAME}` (`userID` INTEGER NOT NULL, `firstName` TEXT, `lastName` TEXT, `dateOfBirth` TEXT, `weight` TEXT, `height` TEXT, `gender` TEXT, PRIMARY KEY(`userID`))",
        "fields": [
          {
            "fieldPath": "userID",
            "columnName": "userID",
            "affinity": "INTEGER",
            "notNull": true
          },
          {
            "fieldPath": "firstName",
            "columnName": "firstName",
            "affinity": "TEXT",
            "notNull": false
          },
          {
            "fieldPath": "lastName",
            "columnName": "lastName",
            "affinity": "TEXT",
            "notNull": false
          },
          {
            "fieldPath": "dateOfBirth",
            "columnName": "dateOfBirth",
            "affinity": "TEXT",
            "notNull": false
          },
          {
            "fieldPath": "weight",
            "columnName": "weight",
            "affinity": "TEXT",
            "notNull": false
          },
          {
            "fieldPath": "height",
            "columnName": "height",
            "affinity": "TEXT",
            "notNull": false
          },
          {
            "fieldPath": "gender",
            "columnName": "gender",
            "affinity": "TEXT",
            "notNull": false
          }
        ],
        "primaryKey": {
          "columnNames": [
            "userID"
          ],
          "autoGenerate": false
        },
        "indices": [],
        "foreignKeys": []
      }
    ],
    "setupQueries": [
      "CREATE TABLE IF NOT EXISTS room_master_table (id INTEGER PRIMARY KEY,identity_hash TEXT)",
      "INSERT OR REPLACE INTO room_master_table (id,identity_hash) VALUES(42, \"1bd4af3524e969deb60374cb5afebd7f\")"
    ]
  }
}