{
  "formatVersion": 1,
  "database": {
    "version": 4,
    "identityHash": "ed523ddc9aadc9e7664574f61b2a3172",
    "entities": [
      {
        "tableName": "ExercisesDetails",
        "createSql": "CREATE TABLE IF NOT EXISTS `${TABLE_NAME}` (`exerciseID` TEXT NOT NULL, `name` TEXT, `grouping` TEXT, `exerciseImagePath` TEXT, `instructionsImagePath` TEXT, PRIMARY KEY(`exerciseID`))",
        "fields": [
          {
            "fieldPath": "exerciseID",
            "columnName": "exerciseID",
            "affinity": "TEXT",
            "notNull": true
          },
          {
            "fieldPath": "name",
            "columnName": "name",
            "affinity": "TEXT",
            "notNull": false
          },
          {
            "fieldPath": "grouping",
            "columnName": "grouping",
            "affinity": "TEXT",
            "notNull": false
          },
          {
            "fieldPath": "exerciseImagePath",
            "columnName": "exerciseImagePath",
            "affinity": "TEXT",
            "notNull": false
          },
          {
            "fieldPath": "instructionsImagePath",
            "columnName": "instructionsImagePath",
            "affinity": "TEXT",
            "notNull": false
          }
        ],
        "primaryKey": {
          "columnNames": [
            "exerciseID"
          ],
          "autoGenerate": false
        },
        "indices": [],
        "foreignKeys": []
      }
    ],
    "setupQueries": [
      "CREATE TABLE IF NOT EXISTS room_master_table (id INTEGER PRIMARY KEY,identity_hash TEXT)",
      "INSERT OR REPLACE INTO room_master_table (id,identity_hash) VALUES(42, \"ed523ddc9aadc9e7664574f61b2a3172\")"
    ]
  }
}